1	アンダーソン	Anderson	そりすべり	Sleigh Ride	International	F.O.	○		日吉										
2	アンダーソン	Anderson	ワルツィング・キャット	The Waltzing Cat	International	F.O.	×	スコアなし											
3	アンダーソン	Anderson	フィドル・ファドル	Fiddle-Faddle	International	F.O.	×	Cl1なし											
4	アンダーソン	Anderson	トランペット吹きの子守歌	A Trumpeter's Lullaby	International	F.O.	×	スコアなし											
5	アンダーソン	Anderson	ジャズ・ピチカート	Jazz Pizzicato	International	F.O.	×	"スコア、Picc、Fl1,2、Ob1なし"											
6	アンダーソン	Anderson	舞踏会の美女	Belle of the Ball	International	F.O.	×	"Alto sax1,2、Tenor saxなし"											
7	アンダーソン	Anderson	タイプライター	The Typewriter	International	F.O.	×	スコアなし											
8	アンダーソン	Anderson	トランペット吹きの休日	Bugler's Holiday	International	F.O.	○		日吉										
9	アンダーソン	Anderson	シンコペイテッド・クロック	The Syncopated Clock		F.O.	○												
10	芥川也寸志	Akutagawa	交響三章	Trinita Sinfonica		F.O.	○												
11	芥川也寸志	Akutagawa	交響管絃楽のための音楽			F.O.													
12	バッハ、ヨハン・クリスチャン	Bach（J.C.）	シンフォニア	Synfonia	Peters	Strings	×	スコア、Vaなし											
13	バッハ、ヨハン・セバスチャン	Bach（J.S.）	ブランデンブルグ協奏曲第3番	Brandenburg Concert	Broude Brothers	Strings	○												
14	バッハ、ヨハン・セバスチャン	Bach（J.S.）	G線上のアリア	Air	不明	Strings	×	スコアのみ											
15	バッハ、ヨハン・セバスチャン	Bach（J.S.）	ヴァイオリン協奏曲 イ短調	Violin Concert a-moll	Breitkopf&Haertels	F.O.	○												
16	バッハ、ヨハン・セバスチャン	Bach（J.S.）	カンタータNｒ１４７「心と口と行いと生活をもって」	Cantata Nr147	手書き	F.O.	○												
17	バッハ、ヨハン・セバスチャン	Bach（J.S.）	序曲第1番　ハ長調	Ouverture Nr1 C-Dur	Breitkopf&Haertels	F.O.	○												
18	バーバー	Barber	序曲「悪口学校」	"Overture to ""The School for Scandal"""	International	F.O.	○												
19	バルトーク	Bartok	舞踏組曲		Universal-Edition	F.O.	×	"スコア、Cl1,2、BCl、Fg2(CFg)、Hr1-4、Tp1,2、Trb1,2、Tub、Timpなし"											
20	ベートーヴェン	Beethoven	交響曲第1番	Symphony No.1	Breitkopf&Haertels	F.O.	○												
21	ベートーヴェン	Beethoven	交響曲第2番　ニ長調	Symphony No.2 D-Dur	Breitkopf&Haertels	F.O.	○												
22	ベートーヴェン	Beethoven	交響曲第3番　「エロイカ」	"Symphony No.3 ""Eroica"""	Baerenreiter	F.O.	○												
23	ベートーヴェン	Beethoven	交響曲第4番	Symphony No.4	Breitkopf&Haertels	F.O.	○												
24	ベートーヴェン	Beethoven	交響曲第5番「運命」	Symphony No5	Breitkopf&Haertels	F.O.	○												
25	ベートーヴェン	Beethoven	交響曲第8番	Symphony No.8	Breitkopf&Haertels	F.O.	○												
26	ベートーヴェン	Beethoven	交響曲第9番	Symphony No.9	Breitkopf&Haertels	F.O.	○												
27	ベートーヴェン	Beethoven	交響曲第9番	Symphony No.9	Baerenreiter	F.O.	○												
28	ベートーヴェン	Beethoven	ピアノ協奏曲第3番	Piano Concert No3	Breitkopf&Haertels	F.O.	×	Vaなし											
29	ベートーヴェン	Beethoven	ピアノ協奏曲第4番	Piano Concert No4	Breitkopf&Haertels	F.O.	○												
30	ベートーヴェン	Beethoven	ピアノ協奏曲第5番　「皇帝」	Piano Concert No5	Breitkopf&Haertels	F.O.	○												
31	ベートーヴェン	Beethoven	ピアノ協奏曲第5番　「皇帝」	Piano Concert No5	Baerenreiter	F.O.	○												
32	ベートーヴェン	Beethoven	ヴァイオリン協奏曲	Violin Concert	Breitkopf&Haertels	F.O.	×	スコアなし											
33	ベートーヴェン	Beethoven	トリプル協奏曲（Pf.Vn.Vc）		Breitkopf&Haertels	F.O.	×	"Vn1,2なし"											
34	ベートーヴェン	Beethoven	"ロマンス(Op40,50)"	Romanze	Breitkopf&Haertels	F.O.	×	スコアなし											
35	ベートーヴェン	Beethoven	序曲「コリオラン」	Overture Coriolan	Breitkopf&Haertels	F.O.	○												
36	ベートーヴェン	Beethoven	序曲「エグモント」	"Overture zu Goethes Trauerspiel""Egmont"""	Breitkopf&Haertels	F.O.	○		日吉										
37	ベートーヴェン	Beethoven	序曲「プロメテウスの創造」	Overture Die Geschopfe des Prometheus	Breitkopf&Haertels	F.O.	×	スコアなし	日吉										
38	ベートーヴェン	Beethoven	ピアノ･合唱･管弦楽のための幻想曲	"Chor Phantasie fur Pianoforte,Chor und Orchester"	手書き	F.O.	×	スコアなし											
39	ベルリオーズ	Berlioz	幻想交響曲	Symphony Fantastique	Breitkopf&Haertels	F.O.	○	スコアなし(B027orB028?) →紛失後発見！！											
40	ベルリオーズ	Berlioz	幻想交響曲	Symphony Fantastique	Baerenreiter	F.O.	○	スコアなし(B027orB028?)											
41	ベルリオーズ	Berlioz	序曲「海賊」	Overture　Le Corsaire	Kalmus	F.O.	○												
42	ベルリオーズ	Berlioz	ローマの謝肉祭	Romischer Carneval	Breitkopf&Haertels	F.O.	○												
43	ベルリオーズ	Berlioz	ハンガリア行進曲（ファウストの劫罰より）	Hungarian March	Boosey&Hawkes	F.O.	×	Fg1なし											
44	バーンスタイン	Bernstein	序曲「キャンディード」	Overture Candide	Boosey&Hawkes	F.O.	○												
45	バーンスタイン	Bernstein	ウェストサイド物語より「プロローグ」	Prolog from West Side Story	手書き	F.O.	×	スコアなし	日吉										
46	バーンスタイン	Bernstein	ウェストサイド物語より「トゥナイト」	Tonight from West Side Story	手書き	F.O.	×	スコアなし											
47	バーンスタイン	Bernstein	ウェストサイド物語より「マリア」	Maria from West Side Story	手書き	F.O.	×	スコアなし		すこあBreitkopf									
48	ビゼー	Bizet	カルメン第1組曲	Carmen Orchestra suite No1	Baerenreiter	F.O.	○			Boosey & Hawkesも混ざっている									
49	ビゼー	Bizet	カルメン第2組曲	Carmen Orchestra suite No2	Baerenreiter	F.O.	×	"スコア、Vn1,2、Vc、Cbなし"	日吉										
50	ビゼー	Bizet	アルルの女第1組曲	L'Arlesienne Orchestra suite No1	Baerenreiter	F.O.	○												
51	ビゼー	Bizet	アルルの女第2組曲	L'Arlesienne Orchestra suite No2	Breitkopf&Haertels	F.O.	○												
52	ブラームス	Brahms	交響曲第2番	Symphony No.2	Baerenreiter	F.O.	○												
53	ブラームス	Brahms	交響曲第3番	Symphony No.3 	Breitkopf&Haertels	F.O.	○		日吉										
54	ブラームス	Brahms	悲劇的序曲	Tragische Ouverture	Breitkopf&Haertels	F.O.	○			Fg2(CFg)スコア切り貼り									
55	ブラームス	Brahms	ハンガリー舞曲第1番	Hungarian Dance No.1	Breitkopf&Haertels	F.O.	○												
56	ブラームス	Brahms	ハンガリー舞曲第5番	Hungarian Dance No.5		F.O.	×	スコアのみ											
57	ブラームス	Brahms	ハンガリー舞曲第6番	Hungarian Dance No.6	Breitkopf&Haertels	F.O.	○												
58	ブラームス	Brahms	ハンガリー舞曲第7番	Hungarian Dance No.7	Breitkopf&Haertels	F.O.	×	Picc、CFgなし											
59	ブリテン	Britten	青少年のための管弦楽入門			F.O.	×	スコアのみ											
60	ブルッフ	Bruch	スコットランド幻想曲	Fantasie	Kalmus	F.O.	×	"Fg1,2なし"											
61	ブルックナー	Bruckner	交響曲第4番「ロマンティック」	Symphony No.4	Breitkopf&Haertels	F.O.	×	スコアなし											
62	ブルックナー	Bruckner	交響曲第7番	Symphony No.7	Verlag	F.O.	×	スコアなし											
63	ブルックナー	Bruckner	交響曲第8番	Symphony No.8	Verlag	F.O.	○												
64	バルトーク	Bartok	管弦楽のための協奏曲	Concert for orchestra		F.O.	×	"スコアp28,70なし"											
65	ブラームス	Brahms	交響曲第4番	Symphony No.4	Breitkopf&Haertels	F.O.	○												
66	ブラームス	Brahms	ハイドンの主題による変奏曲	Haydn Variationen		F.O.													
67	ボロディン	Borodin	序曲「イーゴリ公」	"""Prince Igor"" Overture"		F.O.													
68	ボロディン	Borodin	交響曲第2番	Symphony No.2		F.O.			日吉										
69	ベートーヴェン	Beethoven	交響曲第7番	Symphony No.7		F.O.													
70	ブラームス（シェーンベルク編）	Brahms	ピアノ４重奏第１番			F.O.													
71	シャブリエ	Chabrier	スペイン狂詩曲	Rapsodie Espana	Hampton	F.O.	○												
72	ショパン	Chopin	ピアノ協奏曲第1番	Piano Concert No.1	Breitkopf&Haertels	F.O.	○												
73	コレルリ	Corelli	クリスマス協奏曲	Christmas Concert	Peters	Strings	○		日吉										
74	ドビュッシー	Debussy	小組曲	Petite　Suite	Durand＆Cie	F.O.	○												
75	ドリーブ	Delibeｓ	コッペリア―ワルツ	Coppelia―Valse	不明	F.O.	○												
76	デュカス	Ducas	ファンファーレ	Fanfare	Durand＆Cie	Brass	○												
77	ドリーブ	Delibes	舞踏組曲「シルビア」	Sylvia	Kalmus	F.O.	○												
78	ドボルザーク	Dvorak	交響曲第7番	Symphony No.7	Kalmus	F.O.	×	スコアなし											
79	ドボルザーク	Dvorak	交響曲第8番	Symphony No.8	Supraphon	F.O.	×	スコアのみ											
80	ドボルザーク	Dvorak	交響曲第9番	Symphony No.9	Kalmus	F.O.	×	"score,Tp1-3,Trb1-3,BTrb"											
81	ドボルザーク	Dvorak	交響曲第9番	Symphony No.9	Breitkopf&Haertels	F.O.	×	"score,Triangle,Cymb."											
82	ドボルザーク	Dvorak	バイオリン協奏曲	Concerto per Violino	Statni hakladotelstvi	F.O.	○												
83	ドボルザーク	Dvorak	チェロ協奏曲	Concert fuer Violoncell	Kalmus	F.O.	○												
84	ドボルザーク	Dvorak	チェロ協奏曲		Kalmus	F.O.	○												
85	ドボルザーク	Dvorak	スタバト・マーテル	Stabat Mater	不明	F.O.	×	弦のみ											
86	ドボルザーク	Dvorak	管楽セレナーデ	Serenade	Musica Rora	F.O.	×	スコアなし											
87	ドボルザーク	Dvorak	スラブ舞曲	Slavonic Dances no.1〜4 Op.46	Kalmus	F.O.	×	１番のみA4型スコア有											
88	ドボルザーク	Dvorak	スラブ舞曲	Slavonic Dances Op.72	Kalmus	F.O.	×	スコアなし											
89	ドボルザーク	Dvorak	スラブ舞曲	"Slavonic Dances Op.46 1,2"	Carl Fischer	F.O.	×	弦５部のみ											
90	ドボルザーク	Dvorak	「謝肉祭」序曲	Karneval Ouvertuere	Supraphon	F.O.	○												
91	ドボルザーク	Dvorak	スラブ舞曲	Slavonic Dance No.8	不明	F.O.	×	Fl2											
92	エルガー	Elgar	威風堂々	Pomp and Circumstance	Kalmus	F.O.	×	スコアなし											
93	エルガー	Elgar	弦楽セレナーデ	Serenade for String Orchestra Op.20	Broude Brothers	F.O.	○												
94	エルガー	Elgar	エニグマ変奏曲	"""Enigma"""		F.O.	×	スコアなし											
95	エルガー	Elgar	序曲「コケイン」			F.O.													
96	ファリャ	Falla	三角帽子	The Three Cornered Hat	J&W Chester	F.O.	○												
97	フランク	Franck	ニ短調交響曲	Symphony in D minor	Hawkes & Son	F.O.	○												
98	フシーク	Fucik	凱旋行進曲	Einzug der Gladiatoren-Triumph March	Kalmus	F.O.	×	スコア、Timpなし											
99	ガーシュイン	Gershwin	パリのアメリカ人	An American in Paris	不明	F.O.	○												
100	ガーシュイン	Gershwin	ポーギーとベス抜粋	Porgy & Bess(selection/Summer Time)	不明	F.O.	×	スコア（Summer timeのみ）											
101	グリンカ	Glinka	ルスランとリュドミラ序曲	Russlan and Ludmilla Overture	Kalmus	F.O.	○												
102	グノー	Gounod	ファウスト	"Ballet Music from Gounod's ""Faust"""	不明	F.O.	○	もし使う場合は買い替え必要											
103	グラズノフ	Glazounow	バレエの情景	Scenes du Ballet	Kalmus	F.O.	○												
104	グリーグ	Grieg	ペール・ギュント第二組曲	Peer Gynt Suite II	Kalmus	F.O.	×	スコアはピアノスコアのみ											
105	グリーグ	Grieg	ノルウェー舞曲	Norwegische Tanze I-IV	Kalmus	F.O.	×	スコア、Hr１、Trp２、Timp											
106	グリーグ	Grieg	ホルベルグ組曲	Suite im atten style (Aus Holberg's zeit)	Kalmus	F.O.	○												
107	グールド	Gould	アメリカンシンフォニエッタ２番よりパヴァーヌ	Pavanne from American Symphonette No2 2mvt	Mills	F.O.	×	E.H.なし											
108	ヘンデル	Handel	水上の音楽	Wassermusik(F-dur)	Breitkopf&Haertels	F.O.	×	スコア、Timpなし											
109	ヘンデル	Handel	合奏協奏曲	"Concerti Grossi Op.6,Op.10"	Broude Brothers	F.O.	○												
110	ハイドン	Haydn	交響曲第44番「悲しみ」	Symphony No.44	Doblinger	F.O.	×	スコアなし											
111	ハイドン	Haydn	交響曲第92番	Symphony No.92	不明	F.O.	×	スコア、Trp2なし											
112	ハイドン	Haydn	交響曲第94番「驚愕」	Symphony No.94	Breitkopf&Haertels	F.O.	×	スコア											
113	ハイドン	Haydn	交響曲第103番「太鼓連打」	Symphony No.103	Haydn-Mozart Presse	F.O.	×	スコア、Picc、Cl2、Fg1、Vc、Cb											
114	ハイドン	Haydn	弦楽四重奏曲ヘ長調	Streichquartett F-dur	Doblinger	Quartet	×	スコアなし											
115	ヒンデミット	Hindemith	ウェーバーの主題による交響的変容	Symphony Metamorphosen	Schotts	F.O.	×	スコア、Hr2、Vn2											
116	ホルスト	Holst	"「惑星」組曲より""木星"""	"""Jupiter"" from Suite ""The Planets"""	不明	F.O.	×	スコアなし											
117	オネゲル	Honneger	交響曲第5番「三つのレ」	"Symphony No.5 ""Di Tre Re"""	不明	F.O.	×	スコアのみ											
118	フンパーディンク	Humperdinck	ヘンゼルとグレーテル序曲	"""Prelude"" Hansel and Gretel"	Kalmus	F.O.	×	スコアなし											
120	カバレフスキー	Kabalevsky	組曲「道化師」	The Comedians	不明	F.O.	×	スコア、Picc、Trp1なし											
121	ハチャトゥリアン	Khachaturian	バレエ「ガイーヌ」より「レジンカ」	"""Lezchinka"" from ""Gayaneh"""	Boosey&Hawkes	F.O.	○	arranged by Harold Perry											
122	ハチャトゥリアン	Khachaturian	バレエ「ガイーヌ」より「ララバイ」	"""Lullaby"" from ""Gayaneh"""	Boosey&Hawkes	F.O.	×	スコアなし											
123	ハチャトゥリアン	Khachaturian	バレエ「ガイーヌ」より「ゴパック」	"""Gopak"" from ""Gayaneh"""	Ansomus Octavo Ed.	F.O.	○	arranged											
124	コダーイ	Kodaly	組曲「ハーリー・ヤノーシュ」	Hary Janes-Suite	Universal-Edition	F.O.	×	"スコア、Fl3、Hr1〜4、Trb1,2、BTrb、Tb、Vc、Cb、Timp"											
125	コダーイ	Kodaly	孔雀の主題による　変奏曲			F.O.													
126	リスト	Liszt	交響詩「前奏曲」	Les Preludes	Breitkopf&Haertels	F.O.	×	スコアなし											
127	レハール	Lehar	金と銀			F.O.	×	スコアなし											
128	マーラー	Mahler	交響曲第１番「巨人」	"Symphony No.1 ""Titan"""	Universal-Edition	F.O.	×	Hr.パート譜											

129	マーラー	Mahler	交響曲第２番「復活」	"Symphony No.2 ""Resurrection"""	Universal-Edition	F.O.	○	"Hr6,Trp3なし→補充"											
130	マーラー	Mahler	交響曲第５番	Symphony No.5	Peters	F.O.	×	BTrbなし											
131	マーラー	Mahler	交響曲第６番「悲劇的」	"Symphony No.6 ""Pathetique"""	Kalmus	F.O.	×	"スコア、Picc、Fl1〜3、Ob1,2、E..H.、Cl1,2、BCl、Fg1,2、CFg、Va"											
132	マーラー	Mahler	交響曲第7番「夜の歌」	"Symphony No.7 ""Nachtmusik"""	Bote&Bock	F.O.	×	"Hp1,2、Guitar、Mandolin、Timp、Percussions"											
133	メンデルスゾーン	Mendelssohn	交響曲第３番「スコットランド」	"Symphony No.3 ""Scottland"""	Breitkopf&Haertels	F.O.	×	スコア、Picc、Fl1											
134	メンデルスゾーン	Mendelssohn	バイオリン協奏曲	Violin Concerto	Eulenberg	F.O.	○												
135	メンデルスゾーン	Mendelssohn	劇音楽「真夏の夜の夢」より序曲	Intermezzo zu Shakespeare's Sommernachtstraum	Breitkopf&Haertels	F.O.	○												
136	メンデルスゾーン	Mendelssohn	劇音楽「真夏の夜の夢」より間奏曲	Ouverture zu Shakespeare's Sommernachtstraum	Breitkopf&Haertels	F.O.	○												
137	メンデルスゾーン	Mendelssohn	劇音楽「真夏の夜の夢」より結婚行進曲	"Hochzeitsmarsch aus Shakespeare's ""Sommernachtstraum"""	Breitkopf&Haertels	F.O.	○												
138	モーツァルト	Mozart	交響曲第25番	Symphony No.25	Breitkopf&Haertels	F.O.	○												
139	モーツァルト	Mozart	交響曲第39番	Symphony No.39	Baerenreiter	F.O.	○	弦はBreitkopf											
140	モーツァルト	Mozart	交響曲第40番	Symphony No.40		F.O.	×	スコア											

141	モーツァルト	Mozart	交響曲第41番「ジュピター」	"Symphony No.41 ""Jupiter"""	Baerenreiter	F.O.	×	スコアなし											
142	モーツァルト	Mozart	交響曲イ長調	Symphony A-Dur	Baerenreiter	F.O.	○												
143	モーツァルト	Mozart	ピアノ協奏曲第26番「戴冠式」	Klavier Konzert No.26	Breitkopf&Haertels	F.O.	×	スコアなし											
144	モーツァルト	Mozart	序曲「後宮からの迷走」	"Overture ""Seraglio"""	Boosey&Hawkes	F.O.	×	スコアなし											
145	モーツァルト	Mozart	序曲「ドン・ジョバンニ」	"Ouverture zur Oper ""Don Juan"""	Kalmus	F.O.	×	"Vn1,2、Timp"											
146	モーツァルト	Mozart	序曲「魔笛」	Die Zauberflote	Breitkopf&Haertels	F.O.	×	スコアなし											
147	モーツァルト	Mozart	モテット「アヴェ・ベルム・コルプス」	"Motette ""Ave Verum Corpus"""	不明	F.O.	○		日吉										
148	モーツァルト	Mozart		Maurerische Trauermusik	Baerenreiter	F.O.	○												
149	モーツァルト	Mozart	セレナーデ第10番	Serenade No.10	不明	F.O.	×	スコア、Cl2、Hr2なし											
150	モーツァルト	Mozart	アイネ・クライネ・ナハトムジーク	Eine Kleine Nachtmusik	Robert King Music.Co.	F.O.	○												
151	モーツァルト	Mozart	アダージォとフーガ	Adagio und Fuge	Breitkopf&Haertels	F.O.	○												
152	モーツァルト	Mozart	アイネ・クライネ・ナハトムジーク	Eine Kleine Nachtmusik	不明	F.O.	×	Vaなし											
153	モーツァルト	Mozart	ディベルティメント第1番KV136	Divertimento KV136	Baerenreiter	F.O.	×	スコア、Vaなし											
154	モーツァルト	Mozart	ディベルティメント第15番KV287	Divertimento KV287	Breitkopf&Haertels	F.O.	×	スコア											
155	モーツァルト	Mozart	ディベルティメントKV334	Divertimento KV334	Breitkopf&Haertels	F.O.	○												
156	モーツァルト	Mozart	弦楽四重奏曲第5、6、7番	Streichquartett No.5〜7 KV158〜160	Hartus Musicus	Quartet	○												
157	モンティ	Monti	チャルダーシュ	Czardas	Kalmus	F.O.	○												
158	ムソルグスキー	Moussorgsky	禿山の一夜	Une Nuit sur le Mont chauve	Kalmus	F.O.	×	スコアなし											
159	モーツァルト	Mozart	ピアノ協奏曲	Piano Concert No.23	Baerenreiter	F.O.	○												
160	マゼール	Maazel		"A PEARL, A GIRL for orchestra"		F.O.	×	"Ob1,2のみ"											
161	ブラームス	Brahms	バイオリン協奏曲			F.O.													
162	マーラー	Mahler	交響曲第10番（原典版）		ＵＥ	F.O.													
163	ニコライ	Nicolai	序曲「ウィンザーの陽気な女房たち」	"Ouverture zur Oper ""Die Weiber von Windsor"""	Breitkopf&Haertels	F.O.	○		日吉										
164	オッフェンバック	Offenbach	序曲「天国と地獄」			F.O.													
165	ポンキエリ	Ponchielli	時の踊り	Dance of the Hour	Boosey&Hawkes	F.O.	×	"スコア、Trp1,3、Tubaなし"											
166	プロコフィエフ	Prokofieff	交響曲第７番	Symphony No.7	Kalmus	F.O.	×	弦のみ有											
167	プロコフィエフ	Prokofieff	ロミオとジュリエット第一組曲	Romeo and Juliet Suite No.1	Kalmus	F.O.	×	"Cl1、Timp1、Vn1,2、 Vaなし"											
168	プロコフィエフ	Prokofieff	ロミオとジュリエット第二組曲	Romeo and Juliet Suite No.2	Kalmus	F.O.	×	"Cl1,2、Timp1、Vn1,2、なし"	日吉										
169	プロコフィエフ	Prokofieff	ピーターと狼	Peter and the Wolf	Boosey&Hawkes	F.O.	×	スコア、Fl1なし											
170	プロコフィエフ	Prokofieff	キージェ中尉	Lieutenant Kije	Broude Brothers	F.O.	○		日吉										
171	プーランク	Poulenc	組曲「牝鹿」	Les Biches	Heugel	F.O.	○												
172	ラフマニノフ	Rachmaninoff	ピアノ協奏曲第２番	Piano Concerto No.2	Broude Brothers	F.O.	×	スコア、Timp、独奏Pfなし											
173	ラフマニノフ	Rachmaninoff	交響曲第２番	Symphony  No.2	Boosey&Hawkes	F.O.	○												
174	ラヴェル	Ravel	ラ・ヴァルス	La Valse	Durand＆Cie	F.O.	×	"Ob1,2、Trp1,2、Vcなし"											
175	ラヴェル	Ravel	高雅にして感傷的なワルツ	Valses Nobles et Sentimentales	Durand＆Cie	F.O.	×	"スコア、Vn1,2なし"											
176	ラヴェル	Ravel	ダフニスとクロエ第二組曲	Daphnis et Chloe Suite No.2	Durand＆Cie	F.O.	×	Tubなし											
177	ラヴェル	Ravel	古風なメヌエット	Menuet Antique	Enoch et Cie	F.O.	×	Vn1、Cbなし	日吉	高ワグに貸し出し中									
178	リムスキー・コルサコフ	Rimsky-Korsakov	シェヘラザード	Scheherazade Op.35	Kalmus	F.O.	×	Va、Cbなし											
179	ロッシーニ	Rossini	アルジェのイタリア女	Die Italianerin in Algier	Breitkopf&Haertels	F.O.	×	"スコア、Ob1、Cl1,2、Fg1、Timp1,2、Vn1,2、Timpなし"											
180	ロッシーニ	Rossini	セビリアの理髪師	Die Barber zu Sevilia		F.O.	×	スコアなし											
181	ロッシーニ	Rossini	「どろぼうかささぎ」序曲	"Ouverture zur Oper ""Die diebische Elster"""	Breitkopf&Haertels	F.O.	×	スコア、Cbなし											
182	ロッシーニ	Rossini	序曲「ウィリアム・テル」	"Overture ""Guillaume Tell"""	Breitkopf&Haertels	F.O.	○												
183	ラヴェル	Ravel	ボレロ	Bolero		F.O.													
184	リムスキー・コルサコフ	Rimsky-Korsakov	スペイン奇想曲	Capriccio Espagnol	Hampton Orchestra Library	F.O.	×	スコアなし											
185	サン・サーンス	Saint-Saens	交響曲第３番	Symphony No.3	Durand＆Cie	F.O.	×	Vaなし											
186	サン・サーンス	Saint-Saens	バイオリン協奏曲第３番	Violin Concerto No.3	Kalmus	F.O.	×	スコア、独奏Vn											
187	サン・サーンス	Saint-Saens	アルジェリア組曲	Suite Algerienne	Durand＆Cie	F.O.	×	Kalmusと混合											
188	ショスタコーヴィチ	Schostakowitsch	交響曲第５番	Symphony No.5	Kalmus	F.O.	○	Sikorski版と混合											
189	ショスタコーヴィチ	Schostakowitsch	交響曲第９番	Symphony No.9	Breitkopf&Haertels	F.O.	×	Trb2、Trg、タンバリンなし											
190	ショスタコーヴィチ	Schostakowitsch	交響曲第11番	Symphony No.11		F.O.	×	スコアなし	日吉										
191	シューマン	Schumann	交響曲第2番	Symphony No.2	Breitkopf&Haertels	F.O.	×	Trb1〜3なし											
192	シューマン	Schumann	交響曲第4番	Symphony No.4	Breitkopf&Haertels	F.O.	×	スコアのみ											
193	シューマン	Schumann	ピアノ協奏曲	Piano Concerto	Breitkopf&Haertels	F.O.	×	"スコア、Vn1,2、Va、Vc、Cb"											
194	シューベルト	Schubert	ミサ	Messe in Es	不明														
195	シューベルト	Schubert	ロザムンデ序曲	Overture Rosamunde	不明														
196	シベリウス	Sibelius	交響曲第１番	Symphony No.1	Breitkopf&Haertels	F.O.	×	スコアなし											
197	シベリウス	Sibelius	交響曲第２番	Symphony No.2															
198	シベリウス	Sibelius	交響曲第６番	Symphony No.6	Hansen	F.O.	×	Cbなし											
199	シベリウス	Sibelius	バイオリン協奏曲	Violin Concerto	Kalmus	F.O.	×	スコア、Vn1、独奏Vn	日吉										
200	シベリウス	Sibelius	フィンランディア	Finlandia	Breitkopf&Haertels	F.O.	○												
201	スメタナ	Smetana	わが祖国より「モルダウ」	Moldau	Breitkopf&Haertels	F.O.	○												
202	スーザ	Sousa	星条旗よ永遠なれ	The Stars and Stripes Forever	不明	F.O.	○												
203	スーザ	Sousa	ワシントンポスト	The Washington Post March	Kalmus	F.O.	○												
204	ヨハン・シュトラウス	J.Strauss	春の声	Fruhlingsstimmen	Breitkopf&Haertels	F.O.	○												
205	ヨハン・シュトラウス	J.Strauss	「うわごと」ワルツ	Delirien-Walzer	Musikverlag Ludwig Krenn	F.O.	×	スコアなし											
206	ヨハン・シュトラウス	J.Strauss	「こうもり」ワルツ	Die Fledermaus	Breitkopf&Haertels	F.O.	○												
207	ヨハン・シュトラウス	J.Strauss	ウィーン気質	Vienna Blood	Boosey&Hawkes	F.O.	×	スコアなし											
208	ヨハン・シュトラウス	J.Strauss	美しき青きドナウ	Blue Danube Waltz	Kalmus	F.O.	○												
209	ヨハン・シュトラウス	J.Strauss	ピチカートポルカ	Pizzicato Polka	Kalmus	F.O.	×	Trp1、Vc、Cb											
210	ヨハン・シュトラウス	J.Strauss	ラデツキー行進曲	Radetzky-March	不明	F.O.	○												
211	ヨハン・シュトラウス	J.Strauss	皇帝円舞曲	Kaiserwalzer	Breitkopf&Haertels	F.O.	×	管なし											
212	リヒャルト・シュトラウス	R.Strauss	死と変容	Tod und Verklarung	Peters	F.O.	×	Trp1〜3											
213	スーク	Suk	メルヘン組曲	"Suite ""Ein Marchen"""	Simrock	F.O.	○												
214	スッペ	Suppe	序曲「詩人と農夫」	Dichter und Bauer Ouverture	不明	F.O.	×	スコアなし											
215	ストラヴィンスキー	Stravinsky	火の鳥1919版	L'Oiseau de feu(1919)	Schotts	F.O.	×	スコア、Ob2、EHなし											
216	スミス	John Stafford Smith	アメリカ国歌	The Star-Spangled Banner	Schirmer	F.O.	×	スコアなし											
217	スメタナ	Smetana	我が祖国より「シャールカ」			F.O.	○												
218	スメタナ	Smetana	我が祖国より「ターボル」			F.O.	○												
219	スメタナ	Smetana	我が祖国より「ブラニーク」			F.O.	×	"スコアp6-7,12-13なし"											
220	スメタナ	Smetana	我が祖国より「ボヘミアの森と草原から」			F.O.	○												
221	スメタナ	Smetana	我が祖国より「高い城」			F.O.	○												
222	シベリウス	Sibelius	交響曲第７番	Symphony No.7		F.O.	○												
223	ショスタコーヴィチ	Schostakowitsch	交響曲第7番	Symphony No.7		F.O.	○												
224	シベリウス	Sibelius	「カレリア」組曲	"""Caleria"""		F.O.													
225	シューマン	Schumann	序曲「マンフレッド」			F.O.													
226	武満	Takemitsu	夢の時	Dreamtime	Schotts	F.O.	○												
227	チャイコフスキー	Tschaikowsky	交響曲第４番	Symphony No.4	Breitkopf&Haertels	F.O.	×	スコア、Ob1なし											
228	チャイコフスキー	Tschaikowsky	交響曲第５番	Symphony No.5	Breitkopf&Haertels	F.O.	×	Fl3なし											
229	チャイコフスキー	Tschaikowsky	交響曲第６番	Symphony No.6	Breitkopf&Haertels	F.O.	×	Fl1なし											
230	チャイコフスキー	Tschaikowsky	ピアノ協奏曲第１番	Piano Concerto No.1	Breitkopf&Haertels	F.O.	×	スコア、Timp、独奏Pfなし											
231	チャイコフスキー	Tschaikowsky	ピアノ協奏曲第１番	Piano Concerto No.1	Kalmus	F.O.	×	スコア、独奏Pfなし											
232	チャイコフスキー	Tschaikowsky	イタリア奇想曲	Capriccio Italien	Fischer	F.O.	×	スコアなし											
233	チャイコフスキー	Tschaikowsky	スラブ行進曲	Marche Slave	Kalmus	F.O.	×	スコア、Ob1、Tubaなし											
234	チャイコフスキー	Tschaikowsky	幻想序曲「ロミオとジュリエット」	"Fantasic Overture ""Romeo and Juliet"""	Kalmus	F.O.	○												
235	チャイコフスキー	Tschaikowsky	「眠れる森の美女」組曲	Sleeping Beauty Suite	Kalmus	F.O.	○												
236	チャイコフスキー	Tschaikowsky	バレエ組曲「白鳥の湖」No6〜8	"Ballet Suite ""The Swan Lake"" No6〜8"	Kalmus	F.O.	×	スコア、Trp3なし	日吉										
237	チャイコフスキー	Tschaikowsky	バレエ組曲「くるみ割り人形」	"Ballet Suite""The Nutcracker"""	Breitkopf&Haertels	F.O.	○		日吉										
238	ヴィヴァルディ	Vivaldi	四季より「春」	La Primavera	Ricordi	F.O.	○		日吉										
239	ヴィヴァルディ	Vivaldi	四季より「冬」	L'Inverno	Peters	F.O.	○		日吉										
240	ヴェルディ	Verdi	アイーダより「凱旋行進曲」	"Triumph March aus ""Aida"" "	Schotts	F.O.	○	スコアなし	日吉										
241	ヴェルディ	Verdi	「椿姫」1、3前奏曲	La Traviata	Ricordi	F.O.	×	スコアなし	日吉	一部Kalmus（中身に違いはなし）									
242	ヴェルディ	Verdi	「シチリア島の夕べの祈り」序曲	"""I Verpri Siciliani"" Overture"		F.O.													
243	ワーグナー	Wagner	タンホイザー	Tannhouser Marsch	Kalmus	F.O.	×	Fg1なし	日吉										
244	ワーグナー	Wagner	ローエングリン第3幕	Einleitung zum 3.Akt aus Lohengrin	Breitkopf&Haertels	F.O.	×	スコアなし											
245	ワーグナー	Wagner	さまよえるオランダ人	The Flying Dutchman	Breitkopf&Haertels	F.O.	×	"Picc、Fl1〜3、Ob1,2、EH、Cl1,2、BCl、CFg、Trp2,3、Tub、Cb、Timpなし"											
246	ワーグナー	Wagner	楽劇「ジークフリート」より森のささやき		Kalmus	F.O.	×	Tubaなし											
247	ワーグナー	Wagner	ジークフリート牧歌	Siegfried-Idyll	Breitkopf&Haertels	F.O.	×	スコアなし											
248	ワーグナー	Wagner	ワルキューレの騎行(ワルキューレ?)	Die Walkure　(oder Walkuerenritt?)	Breitkopf&Haertels	F.O.	×	スコアなし		W	13	ワーグナー	Wagner	神々の黄昏	Goetterdaemmerung	Kalmus	F.O.	○	
249	ウェーバー	Weber	「オベロン」序曲	"Ouverture zur Oper ""Oberon"""	Breitkopf&Haertels	F.O.	×	スコアなし											
250	ウェーバー	Weber	舞踏への招待	Invitation to the Dance	Breitkopf&Haertels	F.O.	×	スコアなし											
251	ワーグナー	Wagner	「ニュルンベルクのマイスタージンガー」第一幕への前奏曲	"Vorspiel zur Oper ""Die Meistersinger von Nuernberg"""	Breitkopf&Haertels	F.O.	○												
252	ウェーバー	Weber	「オイリアンテ」序曲	"Vorspiel zur ""Euryanthe"""		F.O.													
253	ワーグナー	Wagner	ラインの黄金	Das Rheingold		F.O.													
254	ワーグナー	Wagner	序曲「リエンツィ」	"Ouverture ""Rienzi, der letzte der Tribunen"""	Kalmus	F.O.													
255	芥川也寸志	Akutagawa	ワグネルソサィエティー祝典曲		手書き	F.O.	○												
256	織田哲郎	Oda	おどるポンポコリン		NAOS	F.O.	○												
257	団伊久磨	Dan	慶応義塾百周年祝典曲		手書き	F.O.	×	スコアなし											
